<?xml version="1.0" encoding="UTF-8"?>
<GenRun Id="impl_1" LaunchPart="xc7a100tcsg324-1" LaunchTime="1582706863">
  <File Type="WBT-USG" Name="usage_statistics_webtalk.html"/>
  <File Type="BITSTR-SYSDEF" Name="prima_zi_de_scoala_wrapper.sysdef"/>
  <File Type="BITSTR-LTX" Name="debug_nets.ltx"/>
  <File Type="BITSTR-LTX" Name="prima_zi_de_scoala_wrapper.ltx"/>
  <File Type="BG-BGN" Name="prima_zi_de_scoala_wrapper.bgn"/>
  <File Type="RBD_FILE" Name="prima_zi_de_scoala_wrapper.rbd"/>
  <File Type="BG-DRC" Name="prima_zi_de_scoala_wrapper.drc"/>
  <File Type="NPI_FILE" Name="prima_zi_de_scoala_wrapper.npi"/>
  <File Type="RNPI_FILE" Name="prima_zi_de_scoala_wrapper.rnpi"/>
  <File Type="CFI_FILE" Name="prima_zi_de_scoala_wrapper.cfi"/>
  <File Type="PDI-FILE" Name="prima_zi_de_scoala_wrapper.pdi"/>
  <File Type="BITSTR-MMI" Name="prima_zi_de_scoala_wrapper.mmi"/>
  <File Type="BITSTR-BMM" Name="prima_zi_de_scoala_wrapper_bd.bmm"/>
  <File Type="BITSTR-NKY" Name="prima_zi_de_scoala_wrapper.nky"/>
  <File Type="BITSTR-RBT" Name="prima_zi_de_scoala_wrapper.rbt"/>
  <File Type="BITSTR-MSK" Name="prima_zi_de_scoala_wrapper.msk"/>
  <File Type="BG-BIN" Name="prima_zi_de_scoala_wrapper.bin"/>
  <File Type="RCFI_FILE" Name="prima_zi_de_scoala_wrapper.rcfi"/>
  <File Type="BG-BIT" Name="prima_zi_de_scoala_wrapper.bit"/>
  <File Type="POSTROUTE-PHYSOPT-BUS-SKEW-RPX" Name="prima_zi_de_scoala_wrapper_bus_skew_postroute_physopted.rpx"/>
  <File Type="POSTROUTE-PHYSOPT-BUS-SKEW-PB" Name="prima_zi_de_scoala_wrapper_bus_skew_postroute_physopted.pb"/>
  <File Type="POSTROUTE-PHYSOPT-BUS-SKEW" Name="prima_zi_de_scoala_wrapper_bus_skew_postroute_physopted.rpt"/>
  <File Type="RDI-RDI" Name="prima_zi_de_scoala_wrapper.vdi"/>
  <File Type="POSTROUTE-PHYSOPT-TIMING-RPX" Name="prima_zi_de_scoala_wrapper_timing_summary_postroute_physopted.rpx"/>
  <File Type="POSTROUTE-PHYSOPT-TIMING-PB" Name="prima_zi_de_scoala_wrapper_timing_summary_postroute_physopted.pb"/>
  <File Type="POSTROUTE-PHYSOPT-TIMING" Name="prima_zi_de_scoala_wrapper_timing_summary_postroute_physopted.rpt"/>
  <File Type="POSTROUTE-PHYSOPT-BLACKBOX-DCP" Name="prima_zi_de_scoala_wrapper_postroute_physopt_bb.dcp"/>
  <File Type="POSTROUTE-PHYSOPT-DCP" Name="prima_zi_de_scoala_wrapper_postroute_physopt.dcp"/>
  <File Type="ROUTE-BUS-SKEW" Name="prima_zi_de_scoala_wrapper_bus_skew_routed.rpt"/>
  <File Type="ROUTE-CLK" Name="prima_zi_de_scoala_wrapper_clock_utilization_routed.rpt"/>
  <File Type="ROUTE-SIMILARITY" Name="prima_zi_de_scoala_wrapper_incremental_reuse_routed.rpt"/>
  <File Type="ROUTE-TIMING-RPX" Name="prima_zi_de_scoala_wrapper_timing_summary_routed.rpx"/>
  <File Type="ROUTE-TIMING-PB" Name="prima_zi_de_scoala_wrapper_timing_summary_routed.pb"/>
  <File Type="ROUTE-TIMINGSUMMARY" Name="prima_zi_de_scoala_wrapper_timing_summary_routed.rpt"/>
  <File Type="ROUTE-STATUS-PB" Name="prima_zi_de_scoala_wrapper_route_status.pb"/>
  <File Type="ROUTE-STATUS" Name="prima_zi_de_scoala_wrapper_route_status.rpt"/>
  <File Type="ROUTE-PWR-RPX" Name="prima_zi_de_scoala_wrapper_power_routed.rpx"/>
  <File Type="PLACE-UTIL-PB" Name="prima_zi_de_scoala_wrapper_utilization_placed.pb"/>
  <File Type="PLACE-UTIL" Name="prima_zi_de_scoala_wrapper_utilization_placed.rpt"/>
  <File Type="PLACE-CLK" Name="prima_zi_de_scoala_wrapper_clock_utilization_placed.rpt"/>
  <File Type="PLACE-IO" Name="prima_zi_de_scoala_wrapper_io_placed.rpt"/>
  <File Type="PLACE-DCP" Name="prima_zi_de_scoala_wrapper_placed.dcp"/>
  <File Type="PWROPT-DCP" Name="prima_zi_de_scoala_wrapper_pwropt.dcp"/>
  <File Type="OPT-TIMING" Name="prima_zi_de_scoala_wrapper_timing_summary_opted.rpt"/>
  <File Type="PLACE-SIMILARITY" Name="prima_zi_de_scoala_wrapper_incremental_reuse_placed.rpt"/>
  <File Type="OPT-HWDEF" Name="prima_zi_de_scoala_wrapper.hwdef"/>
  <File Type="ROUTE-BUS-SKEW-RPX" Name="prima_zi_de_scoala_wrapper_bus_skew_routed.rpx"/>
  <File Type="REPORTS-TCL" Name="prima_zi_de_scoala_wrapper_reports.tcl"/>
  <File Type="PWROPT-DRC" Name="prima_zi_de_scoala_wrapper_drc_pwropted.rpt"/>
  <File Type="ROUTE-BUS-SKEW-PB" Name="prima_zi_de_scoala_wrapper_bus_skew_routed.pb"/>
  <File Type="PA-TCL" Name="prima_zi_de_scoala_wrapper.tcl"/>
  <File Type="INIT-TIMING" Name="prima_zi_de_scoala_wrapper_timing_summary_init.rpt"/>
  <File Type="PLACE-CTRL" Name="prima_zi_de_scoala_wrapper_control_sets_placed.rpt"/>
  <File Type="PWROPT-TIMING" Name="prima_zi_de_scoala_wrapper_timing_summary_pwropted.rpt"/>
  <File Type="PLACE-PRE-SIMILARITY" Name="prima_zi_de_scoala_wrapper_incremental_reuse_pre_placed.rpt"/>
  <File Type="OPT-DCP" Name="prima_zi_de_scoala_wrapper_opt.dcp"/>
  <File Type="OPT-DRC" Name="prima_zi_de_scoala_wrapper_drc_opted.rpt"/>
  <File Type="OPT-METHODOLOGY-DRC" Name="prima_zi_de_scoala_wrapper_methodology_drc_opted.rpt"/>
  <File Type="PLACE-TIMING" Name="prima_zi_de_scoala_wrapper_timing_summary_placed.rpt"/>
  <File Type="ROUTE-DRC" Name="prima_zi_de_scoala_wrapper_drc_routed.rpt"/>
  <File Type="POSTPLACE-PWROPT-DCP" Name="prima_zi_de_scoala_wrapper_postplace_pwropt.dcp"/>
  <File Type="POSTPLACE-PWROPT-TIMING" Name="prima_zi_de_scoala_wrapper_timing_summary_postplace_pwropted.rpt"/>
  <File Type="ROUTE-DRC-PB" Name="prima_zi_de_scoala_wrapper_drc_routed.pb"/>
  <File Type="PHYSOPT-DCP" Name="prima_zi_de_scoala_wrapper_physopt.dcp"/>
  <File Type="PHYSOPT-DRC" Name="prima_zi_de_scoala_wrapper_drc_physopted.rpt"/>
  <File Type="PHYSOPT-TIMING" Name="prima_zi_de_scoala_wrapper_timing_summary_physopted.rpt"/>
  <File Type="ROUTE-PWR" Name="prima_zi_de_scoala_wrapper_power_routed.rpt"/>
  <File Type="ROUTE-ERROR-DCP" Name="prima_zi_de_scoala_wrapper_routed_error.dcp"/>
  <File Type="ROUTE-METHODOLOGY-DRC-RPX" Name="prima_zi_de_scoala_wrapper_methodology_drc_routed.rpx"/>
  <File Type="ROUTE-DCP" Name="prima_zi_de_scoala_wrapper_routed.dcp"/>
  <File Type="ROUTE-METHODOLOGY-DRC-PB" Name="prima_zi_de_scoala_wrapper_methodology_drc_routed.pb"/>
  <File Type="ROUTE-BLACKBOX-DCP" Name="prima_zi_de_scoala_wrapper_routed_bb.dcp"/>
  <File Type="ROUTE-DRC-RPX" Name="prima_zi_de_scoala_wrapper_drc_routed.rpx"/>
  <File Type="ROUTE-METHODOLOGY-DRC" Name="prima_zi_de_scoala_wrapper_methodology_drc_routed.rpt"/>
  <File Type="ROUTE-PWR-SUM" Name="prima_zi_de_scoala_wrapper_power_summary_routed.pb"/>
  <FileSet Name="sources" Type="DesignSrcs" RelSrcDir="$PSRCDIR/sources_1">
    <Filter Type="Srcs"/>
    <File Path="$PSRCDIR/sources_1/bd/prima_zi_de_scoala/prima_zi_de_scoala.bd">
      <FileInfo>
        <Attr Name="UsedIn" Val="synthesis"/>
        <Attr Name="UsedIn" Val="implementation"/>
        <Attr Name="UsedIn" Val="simulation"/>
      </FileInfo>
    </File>
    <File Path="$PSRCDIR/sources_1/bd/prima_zi_de_scoala/hdl/prima_zi_de_scoala_wrapper.v">
      <FileInfo>
        <Attr Name="UsedIn" Val="synthesis"/>
        <Attr Name="UsedIn" Val="implementation"/>
        <Attr Name="UsedIn" Val="simulation"/>
      </FileInfo>
    </File>
    <Config>
      <Option Name="DesignMode" Val="RTL"/>
      <Option Name="TopModule" Val="prima_zi_de_scoala_wrapper"/>
      <Option Name="TopAutoSet" Val="TRUE"/>
    </Config>
  </FileSet>
  <FileSet Name="constrs_in" Type="Constrs" RelSrcDir="$PSRCDIR/constrs_1">
    <Filter Type="Constrs"/>
    <File Path="$PSRCDIR/constrs_1/imports/Downloads/Nexys4DDR_Master.xdc">
      <FileInfo>
        <Attr Name="ImportPath" Val="$PPRDIR/../Downloads/Nexys4DDR_Master.xdc"/>
        <Attr Name="ImportTime" Val="1582613428"/>
        <Attr Name="UsedIn" Val="synthesis"/>
        <Attr Name="UsedIn" Val="implementation"/>
      </FileInfo>
    </File>
    <Config>
      <Option Name="ConstrsType" Val="XDC"/>
    </Config>
  </FileSet>
  <FileSet Name="utils" Type="Utils" RelSrcDir="$PSRCDIR/utils_1">
    <Filter Type="Utils"/>
    <Config>
      <Option Name="TopAutoSet" Val="TRUE"/>
    </Config>
  </FileSet>
  <Strategy Version="1" Minor="2">
    <StratHandle Name="Vivado Implementation Defaults" Flow="Vivado Implementation 2019">
      <Desc>Default settings for Implementation.</Desc>
    </StratHandle>
    <Step Id="init_design"/>
    <Step Id="opt_design"/>
    <Step Id="power_opt_design"/>
    <Step Id="place_design"/>
    <Step Id="post_place_power_opt_design"/>
    <Step Id="phys_opt_design" EnableStepBool="1"/>
    <Step Id="route_design"/>
    <Step Id="post_route_phys_opt_design"/>
    <Step Id="write_bitstream"/>
  </Strategy>
  <BlockFileSet Type="BlockSrcs" Name="prima_zi_de_scoala_util_vector_logic_1_0"/>
  <BlockFileSet Type="BlockSrcs" Name="prima_zi_de_scoala_util_vector_logic_0_0"/>
</GenRun>
