<?xml version="1.0"?>
<Runs Version="1" Minor="0">
	<Run Id="diszain_util_vector_logic_0_0_synth_1" LaunchDir="/home/student1/fratele_lui_gigia/fratele_lui_gigia.runs/diszain_util_vector_logic_0_0_synth_1" FlowId="Vivado_Synthesis" FromStepId="vivado" ToStepId="vivado"/>
	<Run Id="diszain_util_vector_logic_0_1_synth_1" LaunchDir="/home/student1/fratele_lui_gigia/fratele_lui_gigia.runs/diszain_util_vector_logic_0_1_synth_1" FlowId="Vivado_Synthesis" FromStepId="vivado" ToStepId="vivado"/>
	<Run Id="diszain_xor_0_0_synth_1" LaunchDir="/home/student1/fratele_lui_gigia/fratele_lui_gigia.runs/diszain_xor_0_0_synth_1" FlowId="Vivado_Synthesis" FromStepId="vivado" ToStepId="vivado" IsOrderedIPRun="true">
		<Parent Id="diszain_util_vector_logic_0_0_synth_1"/>
	</Run>
	<Run Id="diszain_si_1_0_synth_1" LaunchDir="/home/student1/fratele_lui_gigia/fratele_lui_gigia.runs/diszain_si_1_0_synth_1" FlowId="Vivado_Synthesis" FromStepId="vivado" ToStepId="vivado" IsOrderedIPRun="true">
		<Parent Id="diszain_util_vector_logic_0_1_synth_1"/>
	</Run>
	<Run Id="diszain_si_2_0_synth_1" LaunchDir="/home/student1/fratele_lui_gigia/fratele_lui_gigia.runs/diszain_si_2_0_synth_1" FlowId="Vivado_Synthesis" FromStepId="vivado" ToStepId="vivado"/>
	<Run Id="synth_1" LaunchDir="/home/student1/fratele_lui_gigia/fratele_lui_gigia.runs/synth_1" FlowId="Vivado_Synthesis" FromStepId="vivado" ToStepId="vivado">
		<Parent Id="diszain_util_vector_logic_0_0_synth_1"/>
		<Parent Id="diszain_util_vector_logic_0_1_synth_1"/>
		<Parent Id="diszain_xor_0_0_synth_1"/>
		<Parent Id="diszain_si_1_0_synth_1"/>
		<Parent Id="diszain_si_2_0_synth_1"/>
	</Run>
	<Run Id="impl_1" LaunchDir="/home/student1/fratele_lui_gigia/fratele_lui_gigia.runs/impl_1" FlowId="Vivado_Implementation" FromStepId="init_design" ToStepId="write_bitstream">
		<Parent Id="synth_1"/>
		<Parent Id="diszain_util_vector_logic_0_0_synth_1"/>
		<Parent Id="diszain_util_vector_logic_0_1_synth_1"/>
		<Parent Id="diszain_xor_0_0_synth_1"/>
		<Parent Id="diszain_si_1_0_synth_1"/>
		<Parent Id="diszain_si_2_0_synth_1"/>
	</Run>
	<Parameters>
		<Parameter Name="runs.monitorLSFJobs" Val="true" Type="bool"/>
		<Parameter Name="runs.enableClusterConf" Val="true" Type="bool"/>
	</Parameters>
</Runs>

