<?xml version="1.0" encoding="UTF-8"?>
<GenRun Id="impl_1" LaunchPart="xc7a100tcsg324-1" LaunchTime="1554805520">
  <File Type="PA-TCL" Name="ual4.tcl"/>
  <File Type="BITSTR-BMM" Name="ual4_bd.bmm"/>
  <File Type="REPORTS-TCL" Name="ual4_reports.tcl"/>
  <File Type="OPT-DCP" Name="ual4_opt.dcp"/>
  <File Type="OPT-HWDEF" Name="ual4.hwdef"/>
  <File Type="BG-BGN" Name="ual4.bgn"/>
  <File Type="PWROPT-DCP" Name="ual4_pwropt.dcp"/>
  <File Type="PLACE-DCP" Name="ual4_placed.dcp"/>
  <File Type="PLACE-PRE-SIMILARITY" Name="ual4_incremental_reuse_pre_placed.rpt"/>
  <File Type="POSTPLACE-PWROPT-DCP" Name="ual4_postplace_pwropt.dcp"/>
  <File Type="BG-BIN" Name="ual4.bin"/>
  <File Type="PHYSOPT-DCP" Name="ual4_physopt.dcp"/>
  <File Type="BITSTR-MSK" Name="ual4.msk"/>
  <File Type="ROUTE-ERROR-DCP" Name="ual4_routed_error.dcp"/>
  <File Type="ROUTE-DCP" Name="ual4_routed.dcp"/>
  <File Type="ROUTE-BLACKBOX-DCP" Name="ual4_routed_bb.dcp"/>
  <File Type="BITSTR-LTX" Name="ual4.ltx"/>
  <File Type="BITSTR-MMI" Name="ual4.mmi"/>
  <File Type="BITSTR-SYSDEF" Name="ual4.sysdef"/>
  <File Type="ROUTE-TIMING-PB" Name="ual4_timing_summary_routed.pb"/>
  <File Type="RDI-RDI" Name="ual4.vdi"/>
  <File Type="POSTROUTE-PHYSOPT-DCP" Name="ual4_postroute_physopt.dcp"/>
  <File Type="POSTROUTE-PHYSOPT-BLACKBOX-DCP" Name="ual4_postroute_physopt_bb.dcp"/>
  <File Type="BG-BIT" Name="ual4.bit"/>
  <File Type="BITSTR-RBT" Name="ual4.rbt"/>
  <File Type="BITSTR-NKY" Name="ual4.nky"/>
  <File Type="BG-DRC" Name="ual4.drc"/>
  <File Type="WBT-USG" Name="usage_statistics_webtalk.html"/>
  <FileSet Name="sources" Type="DesignSrcs" RelSrcDir="$PSRCDIR/sources_1">
    <Filter Type="Srcs"/>
    <File Path="$PSRCDIR/sources_1/new/ual.v">
      <FileInfo>
        <Attr Name="UsedIn" Val="synthesis"/>
        <Attr Name="UsedIn" Val="implementation"/>
        <Attr Name="UsedIn" Val="simulation"/>
      </FileInfo>
    </File>
    <File Path="$PSRCDIR/sources_1/new/ual4.v">
      <FileInfo>
        <Attr Name="UsedIn" Val="synthesis"/>
        <Attr Name="UsedIn" Val="implementation"/>
        <Attr Name="UsedIn" Val="simulation"/>
      </FileInfo>
    </File>
    <Config>
      <Option Name="DesignMode" Val="RTL"/>
      <Option Name="TopModule" Val="ual4"/>
      <Option Name="TopAutoSet" Val="TRUE"/>
    </Config>
  </FileSet>
  <FileSet Name="constrs_in" Type="Constrs" RelSrcDir="$PSRCDIR/constrs_1">
    <Filter Type="Constrs"/>
    <File Path="$PSRCDIR/constrs_1/imports/Downloads/Nexys4DDR_Master.xdc">
      <FileInfo>
        <Attr Name="ImportPath" Val="$PPRDIR/../Downloads/Nexys4DDR_Master.xdc"/>
        <Attr Name="ImportTime" Val="1551781104"/>
        <Attr Name="UsedIn" Val="synthesis"/>
        <Attr Name="UsedIn" Val="implementation"/>
      </FileInfo>
    </File>
    <Config>
      <Option Name="ConstrsType" Val="XDC"/>
    </Config>
  </FileSet>
  <FileSet Name="utils" Type="Utils" RelSrcDir="$PSRCDIR/utils_1">
    <Filter Type="Utils"/>
    <Config>
      <Option Name="TopAutoSet" Val="TRUE"/>
    </Config>
  </FileSet>
  <Strategy Version="1" Minor="2">
    <StratHandle Name="Vivado Implementation Defaults" Flow="Vivado Implementation 2018"/>
    <Step Id="init_design"/>
    <Step Id="opt_design"/>
    <Step Id="power_opt_design"/>
    <Step Id="place_design"/>
    <Step Id="post_place_power_opt_design"/>
    <Step Id="phys_opt_design"/>
    <Step Id="route_design"/>
    <Step Id="post_route_phys_opt_design"/>
    <Step Id="write_bitstream"/>
  </Strategy>
</GenRun>
