<?xml version="1.0" encoding="UTF-8"?>
<GenRun Id="impl_1" LaunchPart="xc7a100tcsg324-1" LaunchTime="1553689381">
  <File Type="BITSTR-BMM" Name="divide_ceas_bd.bmm"/>
  <File Type="OPT-METHODOLOGY-DRC" Name="divide_ceas_methodology_drc_opted.rpt"/>
  <File Type="INIT-TIMING" Name="divide_ceas_timing_summary_init.rpt"/>
  <File Type="ROUTE-PWR" Name="divide_ceas_power_routed.rpt"/>
  <File Type="PA-TCL" Name="divide_ceas.tcl"/>
  <File Type="OPT-TIMING" Name="divide_ceas_timing_summary_opted.rpt"/>
  <File Type="OPT-DCP" Name="divide_ceas_opt.dcp"/>
  <File Type="ROUTE-PWR-SUM" Name="divide_ceas_power_summary_routed.pb"/>
  <File Type="REPORTS-TCL" Name="divide_ceas_reports.tcl"/>
  <File Type="OPT-DRC" Name="divide_ceas_drc_opted.rpt"/>
  <File Type="OPT-HWDEF" Name="divide_ceas.hwdef"/>
  <File Type="PWROPT-DCP" Name="divide_ceas_pwropt.dcp"/>
  <File Type="PWROPT-DRC" Name="divide_ceas_drc_pwropted.rpt"/>
  <File Type="PWROPT-TIMING" Name="divide_ceas_timing_summary_pwropted.rpt"/>
  <File Type="PLACE-DCP" Name="divide_ceas_placed.dcp"/>
  <File Type="PLACE-IO" Name="divide_ceas_io_placed.rpt"/>
  <File Type="PLACE-CLK" Name="divide_ceas_clock_utilization_placed.rpt"/>
  <File Type="PLACE-UTIL" Name="divide_ceas_utilization_placed.rpt"/>
  <File Type="PLACE-UTIL-PB" Name="divide_ceas_utilization_placed.pb"/>
  <File Type="PLACE-CTRL" Name="divide_ceas_control_sets_placed.rpt"/>
  <File Type="PLACE-SIMILARITY" Name="divide_ceas_incremental_reuse_placed.rpt"/>
  <File Type="PLACE-PRE-SIMILARITY" Name="divide_ceas_incremental_reuse_pre_placed.rpt"/>
  <File Type="BG-BGN" Name="divide_ceas.bgn"/>
  <File Type="PLACE-TIMING" Name="divide_ceas_timing_summary_placed.rpt"/>
  <File Type="POSTPLACE-PWROPT-DCP" Name="divide_ceas_postplace_pwropt.dcp"/>
  <File Type="BG-BIN" Name="divide_ceas.bin"/>
  <File Type="POSTPLACE-PWROPT-TIMING" Name="divide_ceas_timing_summary_postplace_pwropted.rpt"/>
  <File Type="PHYSOPT-DCP" Name="divide_ceas_physopt.dcp"/>
  <File Type="PHYSOPT-DRC" Name="divide_ceas_drc_physopted.rpt"/>
  <File Type="BITSTR-MSK" Name="divide_ceas.msk"/>
  <File Type="PHYSOPT-TIMING" Name="divide_ceas_timing_summary_physopted.rpt"/>
  <File Type="ROUTE-ERROR-DCP" Name="divide_ceas_routed_error.dcp"/>
  <File Type="ROUTE-DCP" Name="divide_ceas_routed.dcp"/>
  <File Type="ROUTE-BLACKBOX-DCP" Name="divide_ceas_routed_bb.dcp"/>
  <File Type="ROUTE-DRC" Name="divide_ceas_drc_routed.rpt"/>
  <File Type="ROUTE-DRC-PB" Name="divide_ceas_drc_routed.pb"/>
  <File Type="BITSTR-LTX" Name="debug_nets.ltx"/>
  <File Type="BITSTR-LTX" Name="divide_ceas.ltx"/>
  <File Type="ROUTE-DRC-RPX" Name="divide_ceas_drc_routed.rpx"/>
  <File Type="BITSTR-MMI" Name="divide_ceas.mmi"/>
  <File Type="ROUTE-METHODOLOGY-DRC" Name="divide_ceas_methodology_drc_routed.rpt"/>
  <File Type="ROUTE-METHODOLOGY-DRC-RPX" Name="divide_ceas_methodology_drc_routed.rpx"/>
  <File Type="BITSTR-SYSDEF" Name="divide_ceas.sysdef"/>
  <File Type="ROUTE-METHODOLOGY-DRC-PB" Name="divide_ceas_methodology_drc_routed.pb"/>
  <File Type="ROUTE-PWR-RPX" Name="divide_ceas_power_routed.rpx"/>
  <File Type="ROUTE-STATUS" Name="divide_ceas_route_status.rpt"/>
  <File Type="ROUTE-STATUS-PB" Name="divide_ceas_route_status.pb"/>
  <File Type="ROUTE-TIMINGSUMMARY" Name="divide_ceas_timing_summary_routed.rpt"/>
  <File Type="ROUTE-TIMING-PB" Name="divide_ceas_timing_summary_routed.pb"/>
  <File Type="ROUTE-TIMING-RPX" Name="divide_ceas_timing_summary_routed.rpx"/>
  <File Type="ROUTE-SIMILARITY" Name="divide_ceas_incremental_reuse_routed.rpt"/>
  <File Type="ROUTE-CLK" Name="divide_ceas_clock_utilization_routed.rpt"/>
  <File Type="ROUTE-BUS-SKEW" Name="divide_ceas_bus_skew_routed.rpt"/>
  <File Type="ROUTE-BUS-SKEW-PB" Name="divide_ceas_bus_skew_routed.pb"/>
  <File Type="ROUTE-BUS-SKEW-RPX" Name="divide_ceas_bus_skew_routed.rpx"/>
  <File Type="POSTROUTE-PHYSOPT-DCP" Name="divide_ceas_postroute_physopt.dcp"/>
  <File Type="POSTROUTE-PHYSOPT-BLACKBOX-DCP" Name="divide_ceas_postroute_physopt_bb.dcp"/>
  <File Type="POSTROUTE-PHYSOPT-TIMING" Name="divide_ceas_timing_summary_postroute_physopted.rpt"/>
  <File Type="POSTROUTE-PHYSOPT-TIMING-PB" Name="divide_ceas_timing_summary_postroute_physopted.pb"/>
  <File Type="POSTROUTE-PHYSOPT-TIMING-RPX" Name="divide_ceas_timing_summary_postroute_physopted.rpx"/>
  <File Type="POSTROUTE-PHYSOPT-BUS-SKEW" Name="divide_ceas_bus_skew_postroute_physopted.rpt"/>
  <File Type="POSTROUTE-PHYSOPT-BUS-SKEW-PB" Name="divide_ceas_bus_skew_postroute_physopted.pb"/>
  <File Type="BG-BIT" Name="divide_ceas.bit"/>
  <File Type="POSTROUTE-PHYSOPT-BUS-SKEW-RPX" Name="divide_ceas_bus_skew_postroute_physopted.rpx"/>
  <File Type="BITSTR-RBT" Name="divide_ceas.rbt"/>
  <File Type="BITSTR-NKY" Name="divide_ceas.nky"/>
  <File Type="BG-DRC" Name="divide_ceas.drc"/>
  <File Type="RDI-RDI" Name="divide_ceas.vdi"/>
  <File Type="WBT-USG" Name="usage_statistics_webtalk.html"/>
  <FileSet Name="sources" Type="DesignSrcs" RelSrcDir="$PSRCDIR/sources_1">
    <Filter Type="Srcs"/>
    <File Path="$PSRCDIR/sources_1/new/divide_ceas.v">
      <FileInfo>
        <Attr Name="UsedIn" Val="synthesis"/>
        <Attr Name="UsedIn" Val="implementation"/>
        <Attr Name="UsedIn" Val="simulation"/>
      </FileInfo>
    </File>
    <File Path="$PSRCDIR/sources_1/new/divizor_ceas.v">
      <FileInfo>
        <Attr Name="AutoDisabled" Val="1"/>
        <Attr Name="UsedIn" Val="synthesis"/>
        <Attr Name="UsedIn" Val="implementation"/>
        <Attr Name="UsedIn" Val="simulation"/>
      </FileInfo>
    </File>
    <File Path="$PSRCDIR/sources_1/new/bin2bcd.v">
      <FileInfo>
        <Attr Name="AutoDisabled" Val="1"/>
        <Attr Name="UsedIn" Val="synthesis"/>
        <Attr Name="UsedIn" Val="implementation"/>
        <Attr Name="UsedIn" Val="simulation"/>
      </FileInfo>
    </File>
    <File Path="$PSRCDIR/sources_1/new/numarator.v">
      <FileInfo>
        <Attr Name="AutoDisabled" Val="1"/>
        <Attr Name="UsedIn" Val="synthesis"/>
        <Attr Name="UsedIn" Val="implementation"/>
        <Attr Name="UsedIn" Val="simulation"/>
      </FileInfo>
    </File>
    <File Path="$PSRCDIR/sources_1/new/afisare_7seg.v">
      <FileInfo>
        <Attr Name="AutoDisabled" Val="1"/>
        <Attr Name="UsedIn" Val="synthesis"/>
        <Attr Name="UsedIn" Val="implementation"/>
        <Attr Name="UsedIn" Val="simulation"/>
      </FileInfo>
    </File>
    <File Path="$PSRCDIR/sources_1/bd/cronometru/cronometru.bd">
      <FileInfo>
        <Attr Name="AutoDisabled" Val="1"/>
        <Attr Name="UsedIn" Val="synthesis"/>
        <Attr Name="UsedIn" Val="implementation"/>
        <Attr Name="UsedIn" Val="simulation"/>
      </FileInfo>
    </File>
    <Config>
      <Option Name="DesignMode" Val="RTL"/>
      <Option Name="TopModule" Val="divide_ceas"/>
    </Config>
  </FileSet>
  <FileSet Name="constrs_in" Type="Constrs" RelSrcDir="$PSRCDIR/constrs_1">
    <Filter Type="Constrs"/>
    <File Path="$PPRDIR/../../Facultate/Anul 2/Semestrul 2/CN/Lab3/Nexys constraints.xdc">
      <FileInfo>
        <Attr Name="UsedIn" Val="synthesis"/>
        <Attr Name="UsedIn" Val="implementation"/>
      </FileInfo>
    </File>
    <Config>
      <Option Name="ConstrsType" Val="XDC"/>
    </Config>
  </FileSet>
  <FileSet Name="utils" Type="Utils" RelSrcDir="$PSRCDIR/utils_1">
    <Filter Type="Utils"/>
    <Config>
      <Option Name="TopAutoSet" Val="TRUE"/>
    </Config>
  </FileSet>
  <Strategy Version="1" Minor="2">
    <StratHandle Name="Vivado Implementation Defaults" Flow="Vivado Implementation 2018"/>
    <Step Id="init_design"/>
    <Step Id="opt_design"/>
    <Step Id="power_opt_design"/>
    <Step Id="place_design"/>
    <Step Id="post_place_power_opt_design"/>
    <Step Id="phys_opt_design"/>
    <Step Id="route_design"/>
    <Step Id="post_route_phys_opt_design"/>
    <Step Id="write_bitstream"/>
  </Strategy>
</GenRun>
