<?xml version="1.0" encoding="UTF-8"?>
<GenRun Id="diszain_util_vector_logic_0_0_synth_1" LaunchPart="xc7a100tcsg324-1" LaunchTime="1582708360">
  <File Type="VDS-TIMING-PB" Name="diszain_util_vector_logic_0_0_timing_summary_synth.pb"/>
  <File Type="VDS-TIMINGSUMMARY" Name="diszain_util_vector_logic_0_0_timing_summary_synth.rpt"/>
  <File Type="RDS-DCP" Name="diszain_util_vector_logic_0_0.dcp"/>
  <File Type="RDS-UTIL-PB" Name="diszain_util_vector_logic_0_0_utilization_synth.pb"/>
  <File Type="RDS-UTIL" Name="diszain_util_vector_logic_0_0_utilization_synth.rpt"/>
  <File Type="RDS-PROPCONSTRS" Name="diszain_util_vector_logic_0_0_drc_synth.rpt"/>
  <File Type="RDS-RDS" Name="diszain_util_vector_logic_0_0.vds"/>
  <File Type="REPORTS-TCL" Name="diszain_util_vector_logic_0_0_reports.tcl"/>
  <File Type="PA-TCL" Name="diszain_util_vector_logic_0_0.tcl"/>
  <FileSet Name="sources" Type="BlockSrcs" RelSrcDir="$PSRCDIR/diszain_util_vector_logic_0_0">
    <File Path="$PSRCDIR/sources_1/bd/diszain/ip/diszain_util_vector_logic_0_0/diszain_util_vector_logic_0_0.xci">
      <FileInfo>
        <Attr Name="UsedIn" Val="synthesis"/>
        <Attr Name="UsedIn" Val="implementation"/>
        <Attr Name="UsedIn" Val="simulation"/>
      </FileInfo>
    </File>
    <Config>
      <Option Name="TopModule" Val="diszain_util_vector_logic_0_0"/>
      <Option Name="UseBlackboxStub" Val="1"/>
    </Config>
  </FileSet>
  <FileSet Name="constrs_in" Type="BlockSrcs" RelSrcDir="$PSRCDIR/diszain_util_vector_logic_0_0">
    <File Path="$PSRCDIR/sources_1/bd/diszain/ip/diszain_util_vector_logic_0_0/diszain_util_vector_logic_0_0.xci">
      <FileInfo>
        <Attr Name="UsedIn" Val="synthesis"/>
        <Attr Name="UsedIn" Val="implementation"/>
        <Attr Name="UsedIn" Val="simulation"/>
      </FileInfo>
    </File>
    <Config>
      <Option Name="TopModule" Val="diszain_util_vector_logic_0_0"/>
      <Option Name="UseBlackboxStub" Val="1"/>
    </Config>
  </FileSet>
  <FileSet Name="utils" Type="Utils" RelSrcDir="$PSRCDIR/utils_1">
    <Filter Type="Utils"/>
    <Config>
      <Option Name="TopAutoSet" Val="TRUE"/>
    </Config>
  </FileSet>
  <Strategy Version="1" Minor="2">
    <StratHandle Name="Vivado Synthesis Defaults" Flow="Vivado Synthesis 2019">
      <Desc>Vivado Synthesis Defaults</Desc>
    </StratHandle>
    <Step Id="synth_design"/>
  </Strategy>
</GenRun>
