<?xml version="1.0" encoding="UTF-8"?>
<GenRun Id="synth_1" LaunchPart="xc7a100tcsg324-1" LaunchTime="1582706863">
  <File Type="VDS-TIMING-PB" Name="prima_zi_de_scoala_wrapper_timing_summary_synth.pb"/>
  <File Type="VDS-TIMINGSUMMARY" Name="prima_zi_de_scoala_wrapper_timing_summary_synth.rpt"/>
  <File Type="RDS-DCP" Name="prima_zi_de_scoala_wrapper.dcp"/>
  <File Type="REPORTS-TCL" Name="prima_zi_de_scoala_wrapper_reports.tcl"/>
  <File Type="PA-TCL" Name="prima_zi_de_scoala_wrapper.tcl"/>
  <File Type="RDS-RDS" Name="prima_zi_de_scoala_wrapper.vds"/>
  <File Type="RDS-PROPCONSTRS" Name="prima_zi_de_scoala_wrapper_drc_synth.rpt"/>
  <File Type="RDS-UTIL" Name="prima_zi_de_scoala_wrapper_utilization_synth.rpt"/>
  <File Type="RDS-UTIL-PB" Name="prima_zi_de_scoala_wrapper_utilization_synth.pb"/>
  <FileSet Name="sources" Type="DesignSrcs" RelSrcDir="$PSRCDIR/sources_1">
    <Filter Type="Srcs"/>
    <File Path="$PSRCDIR/sources_1/bd/prima_zi_de_scoala/prima_zi_de_scoala.bd">
      <FileInfo>
        <Attr Name="UsedIn" Val="synthesis"/>
        <Attr Name="UsedIn" Val="implementation"/>
        <Attr Name="UsedIn" Val="simulation"/>
      </FileInfo>
    </File>
    <File Path="$PSRCDIR/sources_1/bd/prima_zi_de_scoala/hdl/prima_zi_de_scoala_wrapper.v">
      <FileInfo>
        <Attr Name="UsedIn" Val="synthesis"/>
        <Attr Name="UsedIn" Val="implementation"/>
        <Attr Name="UsedIn" Val="simulation"/>
      </FileInfo>
    </File>
    <Config>
      <Option Name="DesignMode" Val="RTL"/>
      <Option Name="TopModule" Val="prima_zi_de_scoala_wrapper"/>
      <Option Name="TopAutoSet" Val="TRUE"/>
    </Config>
  </FileSet>
  <FileSet Name="constrs_in" Type="Constrs" RelSrcDir="$PSRCDIR/constrs_1">
    <Filter Type="Constrs"/>
    <File Path="$PSRCDIR/constrs_1/imports/Downloads/Nexys4DDR_Master.xdc">
      <FileInfo>
        <Attr Name="ImportPath" Val="$PPRDIR/../Downloads/Nexys4DDR_Master.xdc"/>
        <Attr Name="ImportTime" Val="1582613428"/>
        <Attr Name="UsedIn" Val="synthesis"/>
        <Attr Name="UsedIn" Val="implementation"/>
      </FileInfo>
    </File>
    <Config>
      <Option Name="ConstrsType" Val="XDC"/>
    </Config>
  </FileSet>
  <FileSet Name="utils" Type="Utils" RelSrcDir="$PSRCDIR/utils_1">
    <Filter Type="Utils"/>
    <Config>
      <Option Name="TopAutoSet" Val="TRUE"/>
    </Config>
  </FileSet>
  <Strategy Version="1" Minor="2">
    <StratHandle Name="Vivado Synthesis Defaults" Flow="Vivado Synthesis 2019">
      <Desc>Vivado Synthesis Defaults</Desc>
    </StratHandle>
    <Step Id="synth_design"/>
  </Strategy>
  <BlockFileSet Type="BlockSrcs" Name="prima_zi_de_scoala_util_vector_logic_1_0"/>
  <BlockFileSet Type="BlockSrcs" Name="prima_zi_de_scoala_util_vector_logic_0_0"/>
</GenRun>
