<?xml version="1.0" encoding="UTF-8"?>
<GenRun Id="impl_1" LaunchPart="xc7a100tcsg324-1" LaunchTime="1556106037">
  <File Type="BITSTR-BMM" Name="final_bd.bmm"/>
  <File Type="ROUTE-PWR" Name="final_power_routed.rpt"/>
  <File Type="PA-TCL" Name="final.tcl"/>
  <File Type="OPT-DCP" Name="final_opt.dcp"/>
  <File Type="ROUTE-PWR-SUM" Name="final_power_summary_routed.pb"/>
  <File Type="REPORTS-TCL" Name="final_reports.tcl"/>
  <File Type="OPT-DRC" Name="final_drc_opted.rpt"/>
  <File Type="OPT-HWDEF" Name="final.hwdef"/>
  <File Type="PWROPT-DCP" Name="final_pwropt.dcp"/>
  <File Type="PLACE-DCP" Name="final_placed.dcp"/>
  <File Type="PLACE-IO" Name="final_io_placed.rpt"/>
  <File Type="PLACE-UTIL" Name="final_utilization_placed.rpt"/>
  <File Type="PLACE-UTIL-PB" Name="final_utilization_placed.pb"/>
  <File Type="PLACE-CTRL" Name="final_control_sets_placed.rpt"/>
  <File Type="PLACE-PRE-SIMILARITY" Name="final_incremental_reuse_pre_placed.rpt"/>
  <File Type="BG-BGN" Name="final.bgn"/>
  <File Type="POSTPLACE-PWROPT-DCP" Name="final_postplace_pwropt.dcp"/>
  <File Type="BG-BIN" Name="final.bin"/>
  <File Type="PHYSOPT-DCP" Name="final_physopt.dcp"/>
  <File Type="BITSTR-MSK" Name="final.msk"/>
  <File Type="ROUTE-ERROR-DCP" Name="final_routed_error.dcp"/>
  <File Type="ROUTE-DCP" Name="final_routed.dcp"/>
  <File Type="ROUTE-BLACKBOX-DCP" Name="final_routed_bb.dcp"/>
  <File Type="ROUTE-DRC" Name="final_drc_routed.rpt"/>
  <File Type="ROUTE-DRC-PB" Name="final_drc_routed.pb"/>
  <File Type="BITSTR-LTX" Name="final.ltx"/>
  <File Type="ROUTE-DRC-RPX" Name="final_drc_routed.rpx"/>
  <File Type="BITSTR-MMI" Name="final.mmi"/>
  <File Type="ROUTE-METHODOLOGY-DRC" Name="final_methodology_drc_routed.rpt"/>
  <File Type="ROUTE-METHODOLOGY-DRC-RPX" Name="final_methodology_drc_routed.rpx"/>
  <File Type="BITSTR-SYSDEF" Name="final.sysdef"/>
  <File Type="ROUTE-METHODOLOGY-DRC-PB" Name="final_methodology_drc_routed.pb"/>
  <File Type="ROUTE-PWR-RPX" Name="final_power_routed.rpx"/>
  <File Type="ROUTE-STATUS" Name="final_route_status.rpt"/>
  <File Type="ROUTE-STATUS-PB" Name="final_route_status.pb"/>
  <File Type="ROUTE-TIMINGSUMMARY" Name="final_timing_summary_routed.rpt"/>
  <File Type="ROUTE-TIMING-PB" Name="final_timing_summary_routed.pb"/>
  <File Type="ROUTE-TIMING-RPX" Name="final_timing_summary_routed.rpx"/>
  <File Type="RDI-RDI" Name="final.vdi"/>
  <File Type="ROUTE-CLK" Name="final_clock_utilization_routed.rpt"/>
  <File Type="ROUTE-BUS-SKEW" Name="final_bus_skew_routed.rpt"/>
  <File Type="ROUTE-BUS-SKEW-PB" Name="final_bus_skew_routed.pb"/>
  <File Type="ROUTE-BUS-SKEW-RPX" Name="final_bus_skew_routed.rpx"/>
  <File Type="POSTROUTE-PHYSOPT-DCP" Name="final_postroute_physopt.dcp"/>
  <File Type="POSTROUTE-PHYSOPT-BLACKBOX-DCP" Name="final_postroute_physopt_bb.dcp"/>
  <File Type="BG-BIT" Name="final.bit"/>
  <File Type="BITSTR-RBT" Name="final.rbt"/>
  <File Type="BITSTR-NKY" Name="final.nky"/>
  <File Type="BG-DRC" Name="final.drc"/>
  <File Type="WBT-USG" Name="usage_statistics_webtalk.html"/>
  <FileSet Name="sources" Type="DesignSrcs" RelSrcDir="$PSRCDIR/sources_1">
    <Filter Type="Srcs"/>
    <File Path="$PSRCDIR/sources_1/new/bloc.v">
      <FileInfo>
        <Attr Name="UsedIn" Val="synthesis"/>
        <Attr Name="UsedIn" Val="implementation"/>
        <Attr Name="UsedIn" Val="simulation"/>
      </FileInfo>
    </File>
    <File Path="$PSRCDIR/sources_1/new/final.v">
      <FileInfo>
        <Attr Name="UsedIn" Val="synthesis"/>
        <Attr Name="UsedIn" Val="implementation"/>
        <Attr Name="UsedIn" Val="simulation"/>
      </FileInfo>
    </File>
    <File Path="$PSRCDIR/sources_1/new/buff.v">
      <FileInfo>
        <Attr Name="AutoDisabled" Val="1"/>
        <Attr Name="UsedIn" Val="synthesis"/>
        <Attr Name="UsedIn" Val="implementation"/>
        <Attr Name="UsedIn" Val="simulation"/>
      </FileInfo>
    </File>
    <File Path="$PSRCDIR/sources_1/new/pipeline.v">
      <FileInfo>
        <Attr Name="AutoDisabled" Val="1"/>
        <Attr Name="UsedIn" Val="synthesis"/>
        <Attr Name="UsedIn" Val="implementation"/>
        <Attr Name="UsedIn" Val="simulation"/>
      </FileInfo>
    </File>
    <File Path="$PSRCDIR/sources_1/new/buff1.v">
      <FileInfo>
        <Attr Name="AutoDisabled" Val="1"/>
        <Attr Name="UsedIn" Val="synthesis"/>
        <Attr Name="UsedIn" Val="implementation"/>
        <Attr Name="UsedIn" Val="simulation"/>
      </FileInfo>
    </File>
    <Config>
      <Option Name="DesignMode" Val="RTL"/>
      <Option Name="TopModule" Val="final"/>
      <Option Name="TopAutoSet" Val="TRUE"/>
    </Config>
  </FileSet>
  <FileSet Name="constrs_in" Type="Constrs" RelSrcDir="$PSRCDIR/constrs_1">
    <Filter Type="Constrs"/>
    <Config>
      <Option Name="ConstrsType" Val="XDC"/>
    </Config>
  </FileSet>
  <FileSet Name="utils" Type="Utils" RelSrcDir="$PSRCDIR/utils_1">
    <Filter Type="Utils"/>
    <Config>
      <Option Name="TopAutoSet" Val="TRUE"/>
    </Config>
  </FileSet>
  <Strategy Version="1" Minor="2">
    <StratHandle Name="Vivado Implementation Defaults" Flow="Vivado Implementation 2018"/>
    <Step Id="init_design"/>
    <Step Id="opt_design"/>
    <Step Id="power_opt_design"/>
    <Step Id="place_design"/>
    <Step Id="post_place_power_opt_design"/>
    <Step Id="phys_opt_design"/>
    <Step Id="route_design"/>
    <Step Id="post_route_phys_opt_design"/>
    <Step Id="write_bitstream"/>
  </Strategy>
</GenRun>
